Disaccharide,phi; psi
aDGlcpN 1-4 bDGlcpA,80.00; -150.00
aDGlcpN 1-4 bDGlcpA_2S,80.00; -150.00
aDGlcpN_3S 1-4 bDGlcpA,80.00; -150.00
aDGlcpN_3S 1-4 bDGlcpA_2S,80.00; -150.00
aDGlcpN_3S6S 1-4 bDGlcpA,80.00; -150.00
aDGlcpN_3S6S 1-4 bDGlcpA_2S,80.00; -150.00
aDGlcpN_6S 1-4 bDGlcpA,80.00; -150.00
aDGlcpN_6S 1-4 bDGlcpA_2S,80.00; -150.00
aDGlcpNAc 1-4 bDGlcpA,80.00; -150.00
aDGlcpNAc 1-4 bDGlcpA_2S,80.00; -150.00
aDGlcpNAc_3S 1-4 bDGlcpA,80.00; -150.00
aDGlcpNAc_3S 1-4 bDGlcpA_2S,80.00; -150.00
aDGlcpNAc_3S6S 1-4 bDGlcpA,80.00; -150.00
aDGlcpNAc_3S6S 1-4 bDGlcpA_2S,80.00; -150.00
aDGlcpNAc_6S 1-4 bDGlcpA,80.00; -150.00
aDGlcpNAc_6S 1-4 bDGlcpA_2S,80.00; -150.00
aDGlcpNS 1-4 bDGlcpA,80.00; -150.00
aDGlcpNS 1-4 bDGlcpA_2S,80.00; -150.00
aDGlcpNS_3S 1-4 bDGlcpA,80.00; -150.00
aDGlcpNS_3S 1-4 bDGlcpA_2S,80.00; -150.00
aDGlcpNS_3S6S 1-4 bDGlcpA,80.00; -150.00
aDGlcpNS_3S6S 1-4 bDGlcpA_2S,80.00; -150.00
aDGlcpNS_6S 1-4 bDGlcpA,80.00; -150.00
aDGlcpNS_6S 1-4 bDGlcpA_2S,80.00; -150.00
aDGlcpNAc 1-4 aLIdopA_1C4,80.00; -170.00
aDGlcpNAc 1-4 aLIdopA_2S_1C4,80.00; -170.00
aDGlcpNAc_3S 1-4 aLIdopA_1C4,80.00; -170.00
aDGlcpNAc_3S 1-4 aLIdopA_2S_1C4,80.00; -170.00
aDGlcpNAc_6S 1-4 aLIdopA_1C4,80.00; -170.00
aDGlcpNAc_6S 1-4 aLIdopA_2S_1C4,80.00; -170.00
aDGlcpNAc_3S6S 1-4 aLIdopA_1C4,80.00; -170.00
aDGlcpNAc_3S6S 1-4 aLIdopA_2S_1C4,80.00; -170.00
aDGlcpNS 1-4 aLIdopA_1C4,80.00; -170.00
aDGlcpNS 1-4 aLIdopA_2S_1C4,80.00; -170.00
aDGlcpNS_3S 1-4 aLIdopA_1C4,80.00; -170.00
aDGlcpNS_3S 1-4 aLIdopA_2S_1C4,80.00; -170.00
aDGlcpNS_6S 1-4 aLIdopA_1C4,80.00; -170.00
aDGlcpNS_6S 1-4 aLIdopA_2S_1C4,80.00; -170.00
aDGlcpNS_3S6S 1-4 aLIdopA_1C4,80.00; -170.00
aDGlcpNS_3S6S 1-4 aLIdopA_2S_1C4,80.00; -170.00
aDGlcpN 1-4 aLIdopA_1C4,80.00; -170.00
aDGlcpN 1-4 aLIdopA_2S_1C4,80.00; -170.00
aDGlcpN_3S 1-4 aLIdopA_1C4,80.00; -170.00
aDGlcpN_3S 1-4 aLIdopA_2S_1C4,80.00; -170.00
aDGlcpN_6S 1-4 aLIdopA_1C4,80.00; -170.00
aDGlcpN_6S 1-4 aLIdopA_2S_1C4,80.00; -170.00
aDGlcpN_3S6S 1-4 aLIdopA_1C4,80.00; -170.00
aDGlcpN_3S6S 1-4 aLIdopA_2S_1C4,80.00; -170.00
aDGlcpNAc 1-4 aLIdopA_2S0,80.00; -170.00
aDGlcpNAc 1-4 aLIdopA_2S_2S0,80.00; -170.00
aDGlcpNAc_3S 1-4 aLIdopA_2S0,80.00; -170.00
aDGlcpNAc_3S 1-4 aLIdopA_2S_2S0,80.00; -170.00
aDGlcpNAc_6S 1-4 aLIdopA_2S0,80.00; -170.00
aDGlcpNAc_6S 1-4 aLIdopA_2S_2S0,80.00; -170.00
aDGlcpNAc_3S6S 1-4 aLIdopA_2S0,80.00; -170.00
aDGlcpNAc_3S6S 1-4 aLIdopA_2S_2S0,80.00; -170.00
aDGlcpNS 1-4 aLIdopA_2S0,80.00; -170.00
aDGlcpNS 1-4 aLIdopA_2S_2S0,80.00; -170.00
aDGlcpNS_3S 1-4 aLIdopA_2S0,80.00; -170.00
aDGlcpNS_3S 1-4 aLIdopA_2S_2S0,80.00; -170.00
aDGlcpNS_6S 1-4 aLIdopA_2S0,80.00; -170.00
aDGlcpNS_6S 1-4 aLIdopA_2S_2S0,80.00; -170.00
aDGlcpNS_3S6S 1-4 aLIdopA_2S0,80.00; -170.00
aDGlcpNS_3S6S 1-4 aLIdopA_2S_2S0,80.00; -170.00
aDGlcpN 1-4 aLIdopA_2S0,80.00; -170.00
aDGlcpN 1-4 aLIdopA_2S_2S0,80.00; -170.00
aDGlcpN_3S 1-4 aLIdopA_2S0,80.00; -170.00
aDGlcpN_3S 1-4 aLIdopA_2S_2S0,80.00; -170.00
aDGlcpN_6S 1-4 aLIdopA_2S0,80.00; -170.00
aDGlcpN_6S 1-4 aLIdopA_2S_2S0,80.00; -170.00
aDGlcpN_3S6S 1-4 aLIdopA_2S0,80.00; -170.00
aDGlcpN_3S6S 1-4 aLIdopA_2S_2S0,80.00; -170.00
aLIdopA_1C4 1-3 bDGalpNAc,-90.00; 80.00
aLIdopA_1C4 1-3 bDGalpNAc_4S,-90.00; 80.00
aLIdopA_1C4 1-3 bDGalpNAc_4S6S,-90.00; 80.00
aLIdopA_1C4 1-3 bDGalpNAc_6S,-90.00; 80.00
aLIdopA_2S_1C4 1-3 bDGalpNAc,-90.00; 80.00
aLIdopA_2S_1C4 1-3 bDGalpNAc_4S,-90.00; 80.00
aLIdopA_2S_1C4 1-3 bDGalpNAc_4S6S,-90.00; 80.00
aLIdopA_2S_1C4 1-3 bDGalpNAc_6S,-90.00; 80.00
aLIdopA_2S0 1-3 bDGalpNAc,-90.00; 80.00
aLIdopA_2S0 1-3 bDGalpNAc_4S,-90.00; 80.00
aLIdopA_2S0 1-3 bDGalpNAc_4S6S,-90.00; 80.00
aLIdopA_2S0 1-3 bDGalpNAc_6S,-90.00; 80.00
aLIdopA_2S_2S0 1-3 bDGalpNAc,-90.00; 80.00
aLIdopA_2S_2S0 1-3 bDGalpNAc_4S,-90.00; 80.00
aLIdopA_2S_2S0 1-3 bDGalpNAc_4S6S,-90.00; 80.00
aLIdopA_2S_2S0 1-3 bDGalpNAc_6S,-90.00; 80.00
aLIdopA_1C4 1-4 aDGlcpNAc,-80.00; -140.00
aLIdopA_2S_1C4 1-4 aDGlcpNAc,-80.00; -140.00
aLIdopA_1C4 1-4 aDGlcpNAc_3S,-80.00; -140.00
aLIdopA_2S_1C4 1-4 aDGlcpNAc_3S,-80.00; -140.00
aLIdopA_1C4 1-4 aDGlcpNAc_6S,-80.00; -140.00
aLIdopA_2S_1C4 1-4 aDGlcpNAc_6S,-80.00; -140.00
aLIdopA_1C4 1-4 aDGlcpNAc_3S6S,-80.00; -140.00
aLIdopA_2S_1C4 1-4 aDGlcpNAc_3S6S,-80.00; -140.00
aLIdopA_1C4 1-4 aDGlcpNS,-80.00; -140.00
aLIdopA_2S_1C4 1-4 aDGlcpNS,-80.00; -140.00
aLIdopA_1C4 1-4 aDGlcpNS_3S,-80.00; -140.00
aLIdopA_2S_1C4 1-4 aDGlcpNS_3S,-80.00; -140.00
aLIdopA_1C4 1-4 aDGlcpNS_6S,-80.00; -140.00
aLIdopA_2S_1C4 1-4 aDGlcpNS_6S,-80.00; -140.00
aLIdopA_1C4 1-4 aDGlcpNS_3S6S,-80.00; -140.00
aLIdopA_2S_1C4 1-4 aDGlcpNS_3S6S,-80.00; -140.00
aLIdopA_1C4 1-4 aDGlcpN,-80.00; -140.00
aLIdopA_1C4 1-4 aDGlcpN_3S,-80.00; -140.00
aLIdopA_1C4 1-4 aDGlcpN_3S6S,-80.00; -140.00
aLIdopA_1C4 1-4 aDGlcpN_6S,-80.00; -140.00
aLIdopA_2S_1C4 1-4 aDGlcpN,-80.00; -140.00
aLIdopA_2S_1C4 1-4 aDGlcpN_3S,-80.00; -140.00
aLIdopA_2S_1C4 1-4 aDGlcpN_3S6S,-80.00; -140.00
aLIdopA_2S_1C4 1-4 aDGlcpN_6S,-80.00; -140.00
aLIdopA_2S0 1-4 aDGlcpNAc,-80.00; -140.00
aLIdopA_2S_2S0 1-4 aDGlcpNAc,-80.00; -140.00
aLIdopA_2S0 1-4 aDGlcpNAc_3S,-80.00; -140.00
aLIdopA_2S_2S0 1-4 aDGlcpNAc_3S,-80.00; -140.00
aLIdopA_2S0 1-4 aDGlcpNAc_6S,-80.00; -140.00
aLIdopA_2S_2S0 1-4 aDGlcpNAc_6S,-80.00; -140.00
aLIdopA_2S0 1-4 aDGlcpNAc_3S6S,-80.00; -140.00
aLIdopA_2S_2S0 1-4 aDGlcpNAc_3S6S,-80.00; -140.00
aLIdopA_2S0 1-4 aDGlcpNS,-80.00; -140.00
aLIdopA_2S_2S0 1-4 aDGlcpNS,-80.00; -140.00
aLIdopA_2S0 1-4 aDGlcpNS_3S,-80.00; -140.00
aLIdopA_2S_2S0 1-4 aDGlcpNS_3S,-80.00; -140.00
aLIdopA_2S0 1-4 aDGlcpNS_6S,-80.00; -140.00
aLIdopA_2S_2S0 1-4 aDGlcpNS_6S,-80.00; -140.00
aLIdopA_2S0 1-4 aDGlcpNS_3S6S,-80.00; -140.00
aLIdopA_2S_2S0 1-4 aDGlcpNS_3S6S,-80.00; -140.00
aLIdopA_2S0 1-4 aDGlcpN,-80.00; -140.00
aLIdopA_2S0 1-4 aDGlcpN_3S,-80.00; -140.00
aLIdopA_2S0 1-4 aDGlcpN_3S6S,-80.00; -140.00
aLIdopA_2S0 1-4 aDGlcpN_6S,-80.00; -140.00
aLIdopA_2S_2S0 1-4 aDGlcpN,-80.00; -140.00
aLIdopA_2S_2S0 1-4 aDGlcpN_3S,-80.00; -140.00
aLIdopA_2S_2S0 1-4 aDGlcpN_3S6S,-80.00; -140.00
aLIdopA_2S_2S0 1-4 aDGlcpN_6S,-80.00; -140.00
bDGalp 1-4 bDGlcpNAc,-70.00; -120.00
bDGalp 1-4 bDGlcpNAc_6S,-70.00; -120.00
bDGalp_6S 1-4 bDGlcpNAc,-70.00; -120.00
bDGalp_6S 1-4 bDGlcpNAc_6S,-70.00; -120.00
bDGalpNAc 1-4 bDGlcpA,-70.00; -120.00
bDGalpNAc 1-4 bDGlcpA_2S,-70.00; -120.00
bDGalpNAc_4S 1-4 bDGlcpA,-70.00; -120.00
bDGalpNAc_4S 1-4 bDGlcpA_2S,-70.00; -120.00
bDGalpNAc_4S6S 1-4 bDGlcpA,-70.00; -120.00
bDGalpNAc_4S6S 1-4 bDGlcpA_2S,-70.00; -120.00
bDGalpNAc_6S 1-4 bDGlcpA,-70.00; -120.00
bDGalpNAc_6S 1-4 bDGlcpA_2S,-70.00; -120.00
bDGalpNAc 1-4 aLIdopA_1C4,-80.00; -150.00
bDGalpNAc 1-4 aLIdopA_2S_1C4,-80.00; -150.00
bDGalpNAc_4S 1-4 aLIdopA_1C4,-80.00; -150.00
bDGalpNAc_4S 1-4 aLIdopA_2S_1C4,-80.00; -150.00
bDGalpNAc_4S6S 1-4 aLIdopA_1C4,-80.00; -150.00
bDGalpNAc_4S6S 1-4 aLIdopA_2S_1C4,-80.00; -150.00
bDGalpNAc_6S 1-4 aLIdopA_1C4,-80.00; -150.00
bDGalpNAc_6S 1-4 aLIdopA_2S_1C4,-80.00; -150.00
bDGalpNAc 1-4 aLIdopA_2S0,-80.00; -150.00
bDGalpNAc 1-4 aLIdopA_2S_2S0,-80.00; -150.00
bDGalpNAc_4S 1-4 aLIdopA_2S0,-80.00; -150.00
bDGalpNAc_4S 1-4 aLIdopA_2S_2S0,-80.00; -150.00
bDGalpNAc_4S6S 1-4 aLIdopA_2S0,-80.00; -150.00
bDGalpNAc_4S6S 1-4 aLIdopA_2S_2S0,-80.00; -150.00
bDGalpNAc_6S 1-4 aLIdopA_2S0,-80.00; -150.00
bDGalpNAc_6S 1-4 aLIdopA_2S_2S0,-80.00; -150.00
bDGlcpA 1-3 bDGalpNAc,-90.00; 100.00
bDGlcpA 1-3 bDGalpNAc_4S,-90.00; 100.00
bDGlcpA 1-3 bDGalpNAc_4S6S,-90.00; 100.00
bDGlcpA 1-3 bDGalpNAc_6S,-90.00; 100.00
bDGlcpA_2S 1-3 bDGalpNAc,-90.00; 100.00
bDGlcpA_2S 1-3 bDGalpNAc_4S,-90.00; 100.00
bDGlcpA_2S 1-3 bDGalpNAc_4S6S,-90.00; 100.00
bDGlcpA_2S 1-3 bDGalpNAc_6S,-90.00; 100.00
bDGlcpA 1-4 aDGlcpN,-80.00; -120.00
bDGlcpA 1-4 aDGlcpN_3S,-80.00; -120.00
bDGlcpA 1-4 aDGlcpN_3S6S,-80.00; -120.00
bDGlcpA 1-4 aDGlcpN_6S,-80.00; -120.00
bDGlcpA 1-4 aDGlcpNAc,-80.00; -120.00
bDGlcpA 1-4 aDGlcpNAc_3S,-80.00; -120.00
bDGlcpA 1-4 aDGlcpNAc_3S6S,-80.00; -120.00
bDGlcpA 1-4 aDGlcpNAc_6S,-80.00; -120.00
bDGlcpA 1-4 aDGlcpNS,-80.00; -120.00
bDGlcpA 1-4 aDGlcpNS_3S,-80.00; -120.00
bDGlcpA 1-4 aDGlcpNS_3S6S,-80.00; -120.00
bDGlcpA 1-4 aDGlcpNS_6S,-80.00; -120.00
bDGlcpA_2S 1-4 aDGlcpN,-80.00; -120.00
bDGlcpA_2S 1-4 aDGlcpN_3S,-80.00; -120.00
bDGlcpA_2S 1-4 aDGlcpN_3S6S,-80.00; -120.00
bDGlcpA_2S 1-4 aDGlcpN_6S,-80.00; -120.00
bDGlcpA_2S 1-4 aDGlcpNAc,-80.00; -120.00
bDGlcpA_2S 1-4 aDGlcpNAc_3S,-80.00; -120.00
bDGlcpA_2S 1-4 aDGlcpNAc_3S6S,-80.00; -120.00
bDGlcpA_2S 1-4 aDGlcpNAc_6S,-80.00; -120.00
bDGlcpA_2S 1-4 aDGlcpNS,-80.00; -120.00
bDGlcpA_2S 1-4 aDGlcpNS_3S,-80.00; -120.00
bDGlcpA_2S 1-4 aDGlcpNS_3S6S,-80.00; -120.00
bDGlcpA_2S 1-4 aDGlcpNS_6S,-80.00; -120.00
bDGlcpNAc 1-3 bDGalp,-110.00; -80.00
bDGlcpNAc 1-3 bDGalp_6S,-110.00; -80.00
bDGlcpNAc_6S 1-3 bDGalp,-110.00; -80.00
bDGlcpNAc_6S 1-3 bDGalp_6S,-110.00; -80.00
bDGlcpA 1-3 bDGlcpNAc,-80.00; 130.00
bDGlcpNAc 1-4 bDGlcpA,-80.00; -120.00
aDGlcpN 1-4 bD4deoxyGlcpA,80.00; -150.00
aDGlcpN 1-4 bD4deoxyGlcpA_2S,80.00; -150.00
aDGlcpN_3S 1-4 bD4deoxyGlcpA,80.00; -150.00
aDGlcpN_3S 1-4 bD4deoxyGlcpA_2S,80.00; -150.00
aDGlcpN_3S6S 1-4 bD4deoxyGlcpA,80.00; -150.00
aDGlcpN_3S6S 1-4 bD4deoxyGlcpA_2S,80.00; -150.00
aDGlcpN_6S 1-4 bD4deoxyGlcpA,80.00; -150.00
aDGlcpN_6S 1-4 bD4deoxyGlcpA_2S,80.00; -150.00
aDGlcpNAc 1-4 bD4deoxyGlcpA,80.00; -150.00
aDGlcpNAc 1-4 bD4deoxyGlcpA_2S,80.00; -150.00
aDGlcpNAc_3S 1-4 bD4deoxyGlcpA,80.00; -150.00
aDGlcpNAc_3S 1-4 bD4deoxyGlcpA_2S,80.00; -150.00
aDGlcpNAc_3S6S 1-4 bD4deoxyGlcpA,80.00; -150.00
aDGlcpNAc_3S6S 1-4 bD4deoxyGlcpA_2S,80.00; -150.00
aDGlcpNAc_6S 1-4 bD4deoxyGlcpA,80.00; -150.00
aDGlcpNAc_6S 1-4 bD4deoxyGlcpA_2S,80.00; -150.00
aDGlcpNS 1-4 bD4deoxyGlcpA,80.00; -150.00
aDGlcpNS 1-4 bD4deoxyGlcpA_2S,80.00; -150.00
aDGlcpNS_3S 1-4 bD4deoxyGlcpA,80.00; -150.00
aDGlcpNS_3S 1-4 bD4deoxyGlcpA_2S,80.00; -150.00
aDGlcpNS_3S6S 1-4 bD4deoxyGlcpA,80.00; -150.00
aDGlcpNS_3S6S 1-4 bD4deoxyGlcpA_2S,80.00; -150.00
aDGlcpNS_6S 1-4 bD4deoxyGlcpA,80.00; -150.00
aDGlcpNS_6S 1-4 bD4deoxyGlcpA_2S,80.00; -150.00
bDGalpNAc 1-4 bD4deoxyGlcpA,-70.00; -120.00
bDGalpNAc 1-4 bD4deoxyGlcpA_2S,-70.00; -120.00
bDGalpNAc_4S 1-4 bD4deoxyGlcpA,-70.00; -120.00
bDGalpNAc_4S 1-4 bD4deoxyGlcpA_2S,-70.00; -120.00
bDGalpNAc_4S6S 1-4 bD4deoxyGlcpA,-70.00; -120.00
bDGalpNAc_4S6S 1-4 bD4deoxyGlcpA_2S,-70.00; -120.00
bDGalpNAc_6S 1-4 bD4deoxyGlcpA,-70.00; -120.00
bDGalpNAc_6S 1-4 bD4deoxyGlcpA_2S,-70.00; -120.00
bD4deoxyGlcpA 1-3 bDGalpNAc,-90.00; 100.00
bD4deoxyGlcpA 1-3 bDGalpNAc_4S,-90.00; 100.00
bD4deoxyGlcpA 1-3 bDGalpNAc_4S6S,-90.00; 100.00
bD4deoxyGlcpA 1-3 bDGalpNAc_6S,-90.00; 100.00
bD4deoxyGlcpA_2S 1-3 bDGalpNAc,-90.00; 100.00
bD4deoxyGlcpA_2S 1-3 bDGalpNAc_4S,-90.00; 100.00
bD4deoxyGlcpA_2S 1-3 bDGalpNAc_4S6S,-90.00; 100.00
bD4deoxyGlcpA_2S 1-3 bDGalpNAc_6S,-90.00; 100.00
bD4deoxyGlcpA 1-4 aDGlcpN,-80.00; -120.00
bD4deoxyGlcpA 1-4 aDGlcpN_3S,-80.00; -120.00
bD4deoxyGlcpA 1-4 aDGlcpN_3S6S,-80.00; -120.00
bD4deoxyGlcpA 1-4 aDGlcpN_6S,-80.00; -120.00
bD4deoxyGlcpA 1-4 aDGlcpNAc,-80.00; -120.00
bD4deoxyGlcpA 1-4 aDGlcpNAc_3S,-80.00; -120.00
bD4deoxyGlcpA 1-4 aDGlcpNAc_3S6S,-80.00; -120.00
bD4deoxyGlcpA 1-4 aDGlcpNAc_6S,-80.00; -120.00
bD4deoxyGlcpA 1-4 aDGlcpNS,-80.00; -120.00
bD4deoxyGlcpA 1-4 aDGlcpNS_3S,-80.00; -120.00
bD4deoxyGlcpA 1-4 aDGlcpNS_3S6S,-80.00; -120.00
bD4deoxyGlcpA 1-4 aDGlcpNS_6S,-80.00; -120.00
bD4deoxyGlcpA_2S 1-4 aDGlcpN,-80.00; -120.00
bD4deoxyGlcpA_2S 1-4 aDGlcpN_3S,-80.00; -120.00
bD4deoxyGlcpA_2S 1-4 aDGlcpN_3S6S,-80.00; -120.00
bD4deoxyGlcpA_2S 1-4 aDGlcpN_6S,-80.00; -120.00
bD4deoxyGlcpA_2S 1-4 aDGlcpNAc,-80.00; -120.00
bD4deoxyGlcpA_2S 1-4 aDGlcpNAc_3S,-80.00; -120.00
bD4deoxyGlcpA_2S 1-4 aDGlcpNAc_3S6S,-80.00; -120.00
bD4deoxyGlcpA_2S 1-4 aDGlcpNAc_6S,-80.00; -120.00
bD4deoxyGlcpA_2S 1-4 aDGlcpNS,-80.00; -120.00
bD4deoxyGlcpA_2S 1-4 aDGlcpNS_3S,-80.00; -120.00
bD4deoxyGlcpA_2S 1-4 aDGlcpNS_3S6S,-80.00; -120.00
bD4deoxyGlcpA_2S 1-4 aDGlcpNS_6S,-80.00; -120.00
bD4deoxyGlcpA 1-3 bDGlcpNAc,-80.00; 130.00
bDGlcpNAc 1-4 bD4deoxyGlcpA,-80.00; -120.00
aDGlcpNAc 1-4 aL4deoxyIdopA,80.00; -170.00
aDGlcpNAc 1-4 aL4deoxyIdopA_2S,80.00; -170.00
aDGlcpNAc_3S 1-4 aL4deoxyIdopA,80.00; -170.00
aDGlcpNAc_3S 1-4 aL4deoxyIdopA_2S,80.00; -170.00
aDGlcpNAc_6S 1-4 aL4deoxyIdopA,80.00; -170.00
aDGlcpNAc_6S 1-4 aL4deoxyIdopA_2S,80.00; -170.00
aDGlcpNAc_3S6S 1-4 aL4deoxyIdopA,80.00; -170.00
aDGlcpNAc_3S6S 1-4 aL4deoxyIdopA_2S,80.00; -170.00
aDGlcpNS 1-4 aL4deoxyIdopA,80.00; -170.00
aDGlcpNS 1-4 aL4deoxyIdopA_2S,80.00; -170.00
aDGlcpNS_3S 1-4 aL4deoxyIdopA,80.00; -170.00
aDGlcpNS_3S 1-4 aL4deoxyIdopA_2S,80.00; -170.00
aDGlcpNS_6S 1-4 aL4deoxyIdopA,80.00; -170.00
aDGlcpNS_6S 1-4 aL4deoxyIdopA_2S,80.00; -170.00
aDGlcpNS_3S6S 1-4 aL4deoxyIdopA,80.00; -170.00
aDGlcpNS_3S6S 1-4 aL4deoxyIdopA_2S,80.00; -170.00
aDGlcpN 1-4 aL4deoxyIdopA,80.00; -170.00
aDGlcpN 1-4 aL4deoxyIdopA_2S,80.00; -170.00
aDGlcpN_3S 1-4 aL4deoxyIdopA,80.00; -170.00
aDGlcpN_3S 1-4 aL4deoxyIdopA_2S,80.00; -170.00
aDGlcpN_6S 1-4 aL4deoxyIdopA,80.00; -170.00
aDGlcpN_6S 1-4 aL4deoxyIdopA_2S,80.00; -170.00
aDGlcpN_3S6S 1-4 aL4deoxyIdopA,80.00; -170.00
aDGlcpN_3S6S 1-4 aL4deoxyIdopA_2S,80.00; -170.00
aL4deoxyIdopA 1-3 bDGalpNAc,-90.00; 80.00
aL4deoxyIdopA 1-3 bDGalpNAc_4S,-90.00; 80.00
aL4deoxyIdopA 1-3 bDGalpNAc_4S6S,-90.00; 80.00
aL4deoxyIdopA 1-3 bDGalpNAc_6S,-90.00; 80.00
aL4deoxyIdopA_2S 1-3 bDGalpNAc,-90.00; 80.00
aL4deoxyIdopA_2S 1-3 bDGalpNAc_4S,-90.00; 80.00
aL4deoxyIdopA_2S 1-3 bDGalpNAc_4S6S,-90.00; 80.00
aL4deoxyIdopA_2S 1-3 bDGalpNAc_6S,-90.00; 80.00
aL4deoxyIdopA 1-4 aDGlcpNAc,-80.00; -140.00
aL4deoxyIdopA_2S 1-4 aDGlcpNAc,-80.00; -140.00
aL4deoxyIdopA 1-4 aDGlcpNAc_3S,-80.00; -140.00
aL4deoxyIdopA_2S 1-4 aDGlcpNAc_3S,-80.00; -140.00
aL4deoxyIdopA 1-4 aDGlcpNAc_6S,-80.00; -140.00
aL4deoxyIdopA_2S 1-4 aDGlcpNAc_6S,-80.00; -140.00
aL4deoxyIdopA 1-4 aDGlcpNAc_3S6S,-80.00; -140.00
aL4deoxyIdopA_2S 1-4 aDGlcpNAc_3S6S,-80.00; -140.00
aL4deoxyIdopA 1-4 aDGlcpNS,-80.00; -140.00
aL4deoxyIdopA_2S 1-4 aDGlcpNS,-80.00; -140.00
aL4deoxyIdopA 1-4 aDGlcpNS_3S,-80.00; -140.00
aL4deoxyIdopA_2S 1-4 aDGlcpNS_3S,-80.00; -140.00
aL4deoxyIdopA 1-4 aDGlcpNS_6S,-80.00; -140.00
aL4deoxyIdopA_2S 1-4 aDGlcpNS_6S,-80.00; -140.00
aL4deoxyIdopA 1-4 aDGlcpNS_3S6S,-80.00; -140.00
aL4deoxyIdopA_2S 1-4 aDGlcpNS_3S6S,-80.00; -140.00
aL4deoxyIdopA 1-4 aDGlcpN,-80.00; -140.00
aL4deoxyIdopA 1-4 aDGlcpN_3S,-80.00; -140.00
aL4deoxyIdopA 1-4 aDGlcpN_3S6S,-80.00; -140.00
aL4deoxyIdopA 1-4 aDGlcpN_6S,-80.00; -140.00
aL4deoxyIdopA_2S 1-4 aDGlcpN,-80.00; -140.00
aL4deoxyIdopA_2S 1-4 aDGlcpN_3S,-80.00; -140.00
aL4deoxyIdopA_2S 1-4 aDGlcpN_3S6S,-80.00; -140.00
aL4deoxyIdopA_2S 1-4 aDGlcpN_6S,-80.00; -140.00
bDGalpNAc 1-4 aL4deoxyIdopA,-80.00; -150.00
bDGalpNAc 1-4 aL4deoxyIdopA_2S,-80.00; -150.00
bDGalpNAc_4S 1-4 aL4deoxyIdopA,-80.00; -150.00
bDGalpNAc_4S 1-4 aL4deoxyIdopA_2S,-80.00; -150.00
bDGalpNAc_4S6S 1-4 aL4deoxyIdopA,-80.00; -150.00
bDGalpNAc_4S6S 1-4 aL4deoxyIdopA_2S,-80.00; -150.00
bDGalpNAc_6S 1-4 aL4deoxyIdopA,-80.00; -150.00
bDGalpNAc_6S 1-4 aL4deoxyIdopA_2S,-80.00; -150.00